ID,Period,Group,Treatment,Session,Subject,Rank,give,receive1,receive2,return1,return2,returned,give_o,returned_other
1,1,5,1,1,1,3,2,4,2,0,0,1,4,5
1,2,1,1,1,1,3,2,3,2,0,0,4,3,6
1,3,6,1,1,1,2,1,1,6,0,0,1,6,7
1,4,5,1,1,1,2,2,2,10,0,0,1,10,15
1,5,4,1,1,1,3,1,9,1,0,0,0,9,0
1,6,3,1,1,1,2,1,1,10,0,0,4,10,14
2,1,5,1,1,2,1,0,4,2,5,1,1,0,5
2,2,5,1,1,2,1,0,12,6,15,9,9,0,15
2,3,5,1,1,2,1,0,3,0,3,0,0,0,3
2,4,5,1,1,2,1,0,2,10,1,15,15,0,1
2,5,5,1,1,2,1,0,0,4,0,3,3,0,0
2,6,5,1,1,2,1,0,0,3,0,0,0,0,0
3,1,5,1,1,3,2,4,4,2,0,0,5,2,1
3,2,2,1,1,3,2,4,4,5,0,0,8,5,11
3,3,1,1,1,3,2,5,5,10,0,0,11,10,22
3,4,4,1,1,3,3,8,12,8,0,0,0,12,0
3,5,2,1,1,3,2,6,6,12,0,0,13,12,23
3,6,3,1,1,3,3,10,1,10,0,0,14,1,4
4,1,4,1,1,4,3,0,3,0,0,0,0,3,0
4,2,3,1,1,4,3,0,2,0,0,0,0,2,0
4,3,5,1,1,4,3,0,3,0,0,0,0,3,3
4,4,1,1,1,4,3,0,5,0,0,0,0,5,10
4,5,5,1,1,4,2,0,0,4,0,0,0,4,3
4,6,4,1,1,4,3,0,12,0,0,0,0,12,0
5,1,4,1,1,5,2,3,3,0,0,0,0,0,0
5,2,3,1,1,5,2,2,2,0,0,0,0,0,0
5,3,2,1,1,5,2,0,0,12,0,0,0,12,22
5,4,1,1,1,5,2,5,5,0,0,0,10,0,0
5,5,6,1,1,5,3,5,9,5,0,0,4,9,10
5,6,1,1,1,5,2,6,6,12,0,0,14,12,26
6,1,2,1,1,6,2,2,2,8,0,0,3,8,13
6,2,6,1,1,6,2,7,7,10,0,0,9,10,2
6,3,2,1,1,6,3,12,0,12,0,0,22,0,0
6,4,2,1,1,6,3,12,1,12,0,0,23,1,2
6,5,2,1,1,6,3,12,6,12,0,0,23,6,13
6,6,6,1,1,6,3,12,7,12,0,0,16,7,10
7,1,1,1,1,7,1,0,5,6,12,12,12,0,12
7,2,1,1,1,7,1,0,3,2,6,4,4,0,6
7,3,1,1,1,7,1,0,5,10,11,22,22,0,11
7,4,1,1,1,7,1,0,5,0,10,0,0,0,10
7,5,1,1,1,7,1,0,12,12,28,28,28,0,28
7,6,1,1,1,7,1,0,6,12,14,26,26,0,14
8,1,6,1,1,8,1,0,3,4,7,7,7,0,7
8,2,6,1,1,8,1,0,7,10,9,2,2,0,9
8,3,6,1,1,8,1,0,1,6,1,7,7,0,1
8,4,6,1,1,8,1,0,2,3,2,3,3,0,2
8,5,6,1,1,8,1,0,9,5,10,4,4,0,10
8,6,6,1,1,8,1,0,7,12,10,16,16,0,10
9,1,3,1,1,9,3,3,5,3,0,0,7,5,9
9,2,2,1,1,9,3,5,4,5,0,0,11,4,8
9,3,6,1,1,9,3,6,1,6,0,0,7,1,1
9,4,3,1,1,9,2,10,10,10,0,0,24,10,24
9,5,6,1,1,9,2,9,9,5,0,0,10,5,4
9,6,6,1,1,9,2,7,7,12,0,0,10,12,16
10,1,3,1,1,10,2,5,5,3,0,0,9,3,7
10,2,4,1,1,10,3,11,0,11,0,0,0,0,0
10,3,3,1,1,10,3,6,3,6,0,0,5,3,4
10,4,6,1,1,10,2,2,2,3,0,0,2,3,3
10,5,1,1,1,10,2,12,12,12,0,0,28,12,28
10,6,2,1,1,10,2,12,12,12,0,0,28,12,28
11,1,1,1,1,11,3,6,5,6,0,0,12,5,12
11,2,5,1,1,11,2,12,12,6,0,0,15,6,9
11,3,4,1,1,11,2,9,9,10,0,0,0,10,0
11,4,4,1,1,11,2,12,12,8,0,0,0,8,0
11,5,1,1,1,11,3,12,12,12,0,0,28,12,28
11,6,4,1,1,11,2,12,12,0,0,0,0,0,0
12,1,2,1,1,12,3,8,2,8,0,0,13,2,3
12,2,6,1,1,12,3,10,7,10,0,0,2,7,9
12,3,4,1,1,12,3,10,9,10,0,0,0,9,0
12,4,5,1,1,12,3,10,2,10,0,0,15,2,1
12,5,3,1,1,12,3,10,10,10,0,0,23,10,23
12,6,1,1,1,12,3,12,6,12,0,0,26,6,14
13,1,6,1,1,13,2,3,3,4,0,0,7,4,7
13,2,1,1,1,13,2,3,3,2,0,0,6,2,4
13,3,3,1,1,13,2,3,3,6,0,0,4,6,5
13,4,6,1,1,13,3,3,2,3,0,0,3,2,2
13,5,5,1,1,13,3,4,0,4,0,0,3,0,0
13,6,5,1,1,13,3,3,0,3,0,0,0,0,0
14,1,4,1,1,14,1,0,3,0,0,0,0,0,0
14,2,4,1,1,14,1,0,0,11,0,0,0,0,0
14,3,4,1,1,14,1,0,9,10,0,0,0,0,0
14,4,4,1,1,14,1,0,12,8,0,0,0,0,0
14,5,4,1,1,14,1,0,9,1,0,0,0,0,0
14,6,4,1,1,14,1,0,12,0,0,0,0,0,0
15,1,1,1,1,15,2,5,5,6,0,0,12,6,12
15,2,5,1,1,15,3,6,12,6,0,0,9,12,15
15,3,1,1,1,15,3,10,5,10,0,0,22,5,11
15,4,3,1,1,15,3,10,10,10,0,0,24,10,24
15,5,3,1,1,15,2,10,10,10,0,0,23,10,23
15,6,2,1,1,15,3,12,12,12,0,0,28,12,28
16,1,6,1,1,16,3,4,3,4,0,0,7,3,7
16,2,4,1,1,16,2,0,0,11,0,0,0,11,0
16,3,5,1,1,16,2,3,3,0,0,0,3,0,0
16,4,2,1,1,16,2,1,1,12,0,0,2,12,23
16,5,4,1,1,16,2,9,9,1,0,0,0,1,0
16,6,5,1,1,16,2,0,0,3,0,0,0,3,0
17,1,3,1,1,17,1,0,5,3,9,7,7,0,9
17,2,3,1,1,17,1,0,2,0,0,0,0,0,0
17,3,3,1,1,17,1,0,3,6,4,5,5,0,4
17,4,3,1,1,17,1,0,10,10,24,24,24,0,24
17,5,3,1,1,17,1,0,10,10,23,23,23,0,23
17,6,3,1,1,17,1,0,1,10,4,14,14,0,4
18,1,2,1,1,18,1,0,2,8,3,13,13,0,3
18,2,2,1,1,18,1,0,4,5,8,11,11,0,8
18,3,2,1,1,18,1,0,0,12,0,22,22,0,0
18,4,2,1,1,18,1,0,1,12,2,23,23,0,2
18,5,2,1,1,18,1,0,6,12,13,23,23,0,13
18,6,2,1,1,18,1,0,12,12,28,28,28,0,28
19,1,3,1,2,1,3,3,5,3,0,0,0,5,0
19,2,1,1,2,1,2,3,3,12,0,0,5,12,9
19,3,6,1,2,1,3,3,2,3,0,0,5,2,3
19,4,4,1,2,1,2,4,4,3,0,0,2,3,1
19,5,3,1,2,1,2,5,5,12,0,0,0,12,0
19,6,5,1,2,1,2,2,2,4,0,0,1,4,4
20,1,5,1,2,2,3,3,2,3,0,0,1,2,3
20,2,4,1,2,2,2,1,1,1,0,0,1,1,1
20,3,4,1,2,2,3,2,0,2,0,0,3,0,0
20,4,1,1,2,2,3,0,5,0,0,0,0,5,5
20,5,2,1,2,2,2,4,4,1,0,0,7,1,1
20,6,1,1,2,2,2,4,4,6,0,0,10,6,10
21,1,5,1,2,3,1,0,2,3,3,1,1,0,3
21,2,5,1,2,3,1,0,4,5,4,4,4,0,4
21,3,5,1,2,3,1,0,5,12,4,8,8,0,4
21,4,5,1,2,3,1,0,3,12,9,12,12,0,9
21,5,5,1,2,3,1,0,7,2,6,1,1,0,6
21,6,5,1,2,3,1,0,2,4,1,4,4,0,1
22,1,6,1,2,4,2,2,2,4,0,0,4,4,6
22,2,2,1,2,4,2,3,3,1,0,0,5,1,1
22,3,2,1,2,4,2,4,4,2,0,0,6,2,3
22,4,1,1,2,4,2,5,5,0,0,0,5,0,0
22,5,1,1,2,4,3,3,8,3,0,0,5,8,10
22,6,1,1,2,4,3,6,4,6,0,0,10,4,10
23,1,3,1,2,5,1,0,5,3,0,0,0,0,0
23,2,3,1,2,5,1,0,4,2,0,0,0,0,0
23,3,3,1,2,5,1,0,4,4,0,0,0,0,0
23,4,3,1,2,5,1,0,2,0,0,0,0,0,0
23,5,3,1,2,5,1,0,5,12,0,0,0,0,0
23,6,3,1,2,5,1,0,4,7,0,0,0,0,0
24,1,6,1,2,6,1,0,2,4,4,6,6,0,4
24,2,6,1,2,6,1,0,2,1,3,1,1,0,3
24,3,6,1,2,6,1,0,2,3,3,5,5,0,3
24,4,6,1,2,6,1,0,7,6,9,7,7,0,9
24,5,6,1,2,6,1,0,1,2,1,2,2,0,1
24,6,6,1,2,6,1,0,5,0,8,0,0,0,8
25,1,2,1,2,7,3,5,0,5,0,0,6,0,0
25,2,5,1,2,7,3,5,4,5,0,0,4,4,4
25,3,5,1,2,7,2,5,5,12,0,0,4,12,8
25,4,6,1,2,7,2,7,7,6,0,0,9,6,7
25,5,5,1,2,7,2,7,7,2,0,0,6,2,1
25,6,3,1,2,7,3,7,4,7,0,0,0,4,0
26,1,3,1,2,8,2,5,5,3,0,0,0,3,0
26,2,5,1,2,8,2,4,4,5,0,0,4,5,4
26,3,3,1,2,8,2,4,4,4,0,0,0,4,0
26,4,2,1,2,8,2,3,3,3,0,0,5,3,5
26,5,4,1,2,8,2,3,3,4,0,0,3,4,3
26,6,5,1,2,8,3,4,2,4,0,0,4,2,1
27,1,1,1,2,9,1,0,2,12,3,7,7,0,3
27,2,1,1,2,9,1,0,3,12,5,9,9,0,5
27,3,1,1,2,9,1,0,1,1,2,3,3,0,2
27,4,1,1,2,9,1,0,5,0,5,0,0,0,5
27,5,1,1,2,9,1,0,8,3,10,5,5,0,10
27,6,1,1,2,9,1,0,4,6,10,10,10,0,10
28,1,4,1,2,10,2,1,1,0,0,0,2,0,0
28,2,6,1,2,10,2,2,2,1,0,0,3,1,1
28,3,1,1,2,10,3,1,1,1,0,0,3,1,2
28,4,3,1,2,10,3,0,2,0,0,0,0,2,0
28,5,2,1,2,10,3,1,4,1,0,0,1,4,7
28,6,4,1,2,10,2,3,3,3,0,0,4,3,4
29,1,2,1,2,11,2,0,0,5,0,0,0,5,6
29,2,6,1,2,11,3,1,2,1,0,0,1,2,3
29,3,6,1,2,11,2,2,2,3,0,0,3,3,5
29,4,2,1,2,11,3,3,3,3,0,0,5,3,5
29,5,6,1,2,11,3,2,1,2,0,0,2,1,1
29,6,2,1,2,11,2,2,2,12,0,0,4,12,24
30,1,2,1,2,12,1,0,0,5,0,6,6,0,0
30,2,2,1,2,12,1,0,3,1,5,1,1,0,5
30,3,2,1,2,12,1,0,4,2,6,3,3,0,6
30,4,2,1,2,12,1,0,3,3,5,5,5,0,5
30,5,2,1,2,12,1,0,4,1,7,1,1,0,7
30,6,2,1,2,12,1,0,2,12,4,24,24,0,4
31,1,4,1,2,13,1,0,1,0,2,0,0,0,2
31,2,4,1,2,13,1,0,1,1,1,1,1,0,1
31,3,4,1,2,13,1,0,0,2,0,3,3,0,0
31,4,4,1,2,13,1,0,4,3,2,1,1,0,2
31,5,4,1,2,13,1,0,3,4,3,3,3,0,3
31,6,4,1,2,13,1,0,3,3,4,4,4,0,4
32,1,6,1,2,14,3,4,2,4,0,0,6,2,4
32,2,3,1,2,14,2,4,4,2,0,0,0,2,0
32,3,3,1,2,14,3,4,4,4,0,0,0,4,0
32,4,6,1,2,14,3,6,7,6,0,0,7,7,9
32,5,1,1,2,14,2,8,8,3,0,0,10,3,5
32,6,3,1,2,14,2,4,4,7,0,0,0,7,0
33,1,5,1,2,15,2,2,2,3,0,0,3,3,1
33,2,4,1,2,15,3,1,1,1,0,0,1,1,1
33,3,4,1,2,15,2,0,0,2,0,0,0,2,3
33,4,5,1,2,15,2,3,3,12,0,0,9,12,12
33,5,4,1,2,15,3,4,3,4,0,0,3,3,3
33,6,6,1,2,15,2,5,5,0,0,0,8,0,0
34,1,4,1,2,16,3,0,1,0,0,0,0,1,2
34,2,2,1,2,16,3,1,3,1,0,0,1,3,5
34,3,1,1,2,16,2,1,1,1,0,0,2,1,3
34,4,3,1,2,16,2,2,2,0,0,0,0,0,0
34,5,6,1,2,16,2,1,1,2,0,0,1,2,2
34,6,6,1,2,16,3,0,5,0,0,0,0,5,8
35,1,1,1,2,17,2,2,2,12,0,0,3,12,7
35,2,3,1,2,17,3,2,4,2,0,0,0,4,0
35,3,2,1,2,17,3,2,4,2,0,0,3,4,6
35,4,4,1,2,17,3,3,4,3,0,0,1,4,2
35,5,5,1,2,17,3,2,7,2,0,0,1,7,6
35,6,4,1,2,17,3,3,3,3,0,0,4,3,4
36,1,1,1,2,18,3,12,2,12,0,0,7,2,3
36,2,1,1,2,18,3,12,3,12,0,0,9,3,5
36,3,5,1,2,18,3,12,5,12,0,0,8,5,4
36,4,5,1,2,18,3,12,3,12,0,0,12,3,9
36,5,3,1,2,18,3,12,5,12,0,0,0,5,0
36,6,2,1,2,18,3,12,2,12,0,0,24,2,4
37,1,1,1,3,1,2,4,4,9,0,0,6,9,18
37,2,5,1,3,1,2,6,6,5,0,0,6,5,5
37,3,5,1,3,1,3,12,5,12,0,0,24,5,0
37,4,3,1,3,1,2,12,12,6,0,0,12,6,6
37,5,1,1,3,1,2,12,12,5,0,0,30,5,1
37,6,6,1,3,1,3,12,6,12,0,0,30,6,14
38,1,3,1,3,2,2,2,2,4,0,0,2,4,2
38,2,6,1,3,2,2,10,10,1,0,0,20,1,0
38,3,1,1,3,2,2,10,10,6,0,0,23,6,11
38,4,2,1,3,2,2,10,10,12,0,0,24,12,26
38,5,5,1,3,2,3,12,7,12,0,0,24,7,0
38,6,2,1,3,2,2,12,12,2,0,0,27,2,0
39,1,6,1,3,3,1,0,6,12,16,25,25,0,16
39,2,6,1,3,3,1,0,10,1,20,0,0,0,20
39,3,6,1,3,3,1,0,5,9,14,28,28,0,14
39,4,6,1,3,3,1,0,2,4,0,6,6,0,0
39,5,6,1,3,3,1,0,5,2,12,0,0,0,12
39,6,6,1,3,3,1,0,6,12,14,30,30,0,14
40,1,4,1,3,4,3,2,1,2,0,0,2,1,2
40,2,3,1,3,4,2,1,1,12,0,0,1,12,2
40,3,4,1,3,4,2,0,0,9,0,0,0,9,5
40,4,6,1,3,4,3,4,2,4,0,0,6,2,0
40,5,1,1,3,4,3,5,12,5,0,0,1,12,30
40,6,5,1,3,4,3,2,9,2,0,0,0,9,18
41,1,4,1,3,5,1,0,1,2,2,2,2,0,2
41,2,4,1,3,5,1,0,6,5,5,5,5,0,5
41,3,4,1,3,5,1,0,0,9,0,5,5,0,0
41,4,4,1,3,5,1,0,7,7,5,5,5,0,5
41,5,4,1,3,5,1,0,10,12,8,8,8,0,8
41,6,4,1,3,5,1,0,11,12,10,10,10,0,10
42,1,2,1,3,6,1,0,5,5,11,11,11,0,11
42,2,2,1,3,6,1,0,8,9,20,20,20,0,20
42,3,2,1,3,6,1,0,10,12,24,26,26,0,24
42,4,2,1,3,6,1,0,10,12,24,26,26,0,24
42,5,2,1,3,6,1,0,12,6,27,12,12,0,27
42,6,2,1,3,6,1,0,12,2,27,0,0,0,27
43,1,6,1,3,7,2,6,6,12,0,0,16,12,25
43,2,1,1,3,7,3,6,10,6,0,0,12,10,21
43,3,1,1,3,7,3,6,10,6,0,0,11,10,23
43,4,4,1,3,7,2,7,7,7,0,0,5,7,5
43,5,2,1,3,7,3,6,12,6,0,0,12,12,27
43,6,6,1,3,7,2,6,6,12,0,0,14,12,30
44,1,1,1,3,8,3,9,4,9,0,0,18,4,6
44,2,2,1,3,8,3,9,8,9,0,0,20,8,20
44,3,6,1,3,8,3,9,5,9,0,0,28,5,14
44,4,1,1,3,8,2,12,12,6,0,0,27,6,11
44,5,4,1,3,8,3,12,10,12,0,0,8,10,8
44,6,1,1,3,8,2,12,12,8,0,0,28,8,16
45,1,6,1,3,9,3,12,6,12,0,0,25,6,16
45,2,3,1,3,9,3,12,1,12,0,0,2,1,1
45,3,2,1,3,9,3,12,10,12,0,0,26,10,24
45,4,5,1,3,9,2,12,12,10,0,0,24,10,0
45,5,3,1,3,9,3,12,7,12,0,0,12,7,7
45,6,3,1,3,9,2,12,12,5,0,0,12,5,5
46,1,5,1,3,10,3,6,5,6,0,0,6,5,5
46,2,1,1,3,10,2,10,10,6,0,0,21,6,12
46,3,3,1,3,10,3,12,2,12,0,0,12,2,2
46,4,2,1,3,10,3,12,10,12,0,0,26,10,24
46,5,2,1,3,10,2,12,12,6,0,0,27,6,12
46,6,4,1,3,10,3,12,11,12,0,0,10,11,10
47,1,2,1,3,11,2,5,5,5,0,0,11,5,11
47,2,5,1,3,11,3,5,6,5,0,0,5,6,6
47,3,5,1,3,11,2,5,5,12,0,0,0,12,24
47,4,1,1,3,11,3,6,12,6,0,0,11,12,27
47,5,5,1,3,11,2,7,7,12,0,0,0,12,24
47,6,1,1,3,11,3,8,12,8,0,0,16,12,28
48,1,1,1,3,12,1,0,4,9,6,18,18,0,6
48,2,1,1,3,12,1,0,10,6,21,12,12,0,21
48,3,1,1,3,12,1,0,10,6,23,11,11,0,23
48,4,1,1,3,12,1,0,12,6,27,11,11,0,27
48,5,1,1,3,12,1,0,12,5,30,1,1,0,30
48,6,1,1,3,12,1,0,12,8,28,16,16,0,28
49,1,5,1,3,13,2,5,5,6,0,0,5,6,6
49,2,4,1,3,13,2,6,6,5,0,0,5,5,5
49,3,6,1,3,13,2,5,5,9,0,0,14,9,28
49,4,4,1,3,13,3,7,7,7,0,0,5,7,5
49,5,6,1,3,13,2,5,5,2,0,0,12,2,0
49,6,3,1,3,13,3,5,12,5,0,0,5,12,12
50,1,3,1,3,14,3,4,2,4,0,0,2,2,2
50,2,4,1,3,14,3,5,6,5,0,0,5,6,5
50,3,2,1,3,14,2,10,10,12,0,0,24,12,26
50,4,5,1,3,14,3,10,12,10,0,0,0,12,24
50,5,4,1,3,14,2,10,10,12,0,0,8,12,8
50,6,4,1,3,14,2,11,11,12,0,0,10,12,10
51,1,3,1,3,15,1,0,2,4,2,2,2,0,2
51,2,3,1,3,15,1,0,1,12,1,2,2,0,1
51,3,3,1,3,15,1,0,2,12,2,12,12,0,2
51,4,3,1,3,15,1,0,12,6,12,6,6,0,12
51,5,3,1,3,15,1,0,7,12,7,12,12,0,7
51,6,3,1,3,15,1,0,12,5,12,5,5,0,12
52,1,4,1,3,16,2,1,1,2,0,0,2,2,2
52,2,6,1,3,16,3,1,10,1,0,0,0,10,20
52,3,3,1,3,16,2,2,2,12,0,0,2,12,12
52,4,6,1,3,16,2,2,2,4,0,0,0,4,6
52,5,6,1,3,16,3,2,5,2,0,0,0,5,12
52,6,2,1,3,16,3,2,12,2,0,0,0,12,27
53,1,5,1,3,17,1,0,5,6,5,6,6,0,5
53,2,5,1,3,17,1,0,6,5,6,5,5,0,6
53,3,5,1,3,17,1,0,5,12,0,24,24,0,0
53,4,5,1,3,17,1,0,12,10,24,0,0,0,24
53,5,5,1,3,17,1,0,7,12,0,24,24,0,0
53,6,5,1,3,17,1,0,9,2,18,0,0,0,18
54,1,2,1,3,18,3,5,5,5,0,0,11,5,11
54,2,2,1,3,18,2,8,8,9,0,0,20,9,20
54,3,4,1,3,18,3,9,0,9,0,0,5,0,0
54,4,3,1,3,18,3,6,12,6,0,0,6,12,12
54,5,3,1,3,18,2,7,7,12,0,0,7,12,12
54,6,5,1,3,18,2,9,9,2,0,0,18,2,0
55,1,1,2,4,1,3,3,4,3,0,0,2,4,3
55,2,2,2,4,1,3,3,2,3,0,0,6,2,5
55,3,5,2,4,1,2,3,3,3,0,0,9,3,9
55,4,2,2,4,1,3,3,2,3,0,0,6,2,6
55,5,1,2,4,1,2,3,3,3,0,0,6,3,6
55,6,1,2,4,1,2,4,4,6,0,0,8,6,12
56,1,2,2,4,2,1,0,1,2,5,6,6,0,5
56,2,2,2,4,2,1,0,2,3,5,6,6,0,5
56,3,2,2,4,2,1,0,3,5,8,10,10,0,8
56,4,2,2,4,2,1,0,2,3,6,6,6,0,6
56,5,2,2,4,2,1,0,4,10,13,20,20,0,13
56,6,2,2,4,2,1,0,3,4,8,9,9,0,8
57,1,3,2,4,3,2,4,4,6,0,0,0,6,0
57,2,3,2,4,3,2,4,4,1,0,0,0,1,0
57,3,3,2,4,3,2,4,4,1,0,0,0,1,0
57,4,6,2,4,3,2,4,4,3,0,0,8,3,6
57,5,4,2,4,3,3,4,4,4,0,0,9,4,9
57,6,4,2,4,3,2,4,4,2,0,0,9,2,5
58,1,2,2,4,4,3,2,1,2,0,0,6,1,5
58,2,6,2,4,4,3,2,2,2,0,0,2,2,2
58,3,4,2,4,4,2,2,2,8,0,0,5,8,17
58,4,1,2,4,4,2,3,3,10,0,0,6,10,11
58,5,3,2,4,4,3,4,3,4,0,0,0,3,0
58,6,4,2,4,4,3,2,4,2,0,0,5,4,9
59,1,1,2,4,5,1,0,4,3,3,2,2,0,3
59,2,1,2,4,5,1,0,1,2,2,3,3,0,2
59,3,1,2,4,5,1,0,3,6,2,3,3,0,2
59,4,1,2,4,5,1,0,3,10,6,11,11,0,6
59,5,1,2,4,5,1,0,3,3,6,6,6,0,6
59,6,1,2,4,5,1,0,4,6,8,12,12,0,8
60,1,5,2,4,6,1,0,3,0,6,0,0,0,6
60,2,5,2,4,6,1,0,4,2,6,8,8,0,6
60,3,5,2,4,6,1,0,3,3,9,9,9,0,9
60,4,5,2,4,6,1,0,0,5,0,9,9,0,0
60,5,5,2,4,6,1,0,3,4,6,8,8,0,6
60,6,5,2,4,6,1,0,12,2,50,4,4,0,50
61,1,6,2,4,7,3,2,4,2,0,0,2,4,0
61,2,4,2,4,7,2,4,4,6,0,0,11,6,11
61,3,2,2,4,7,3,5,3,5,0,0,10,3,8
61,4,5,2,4,7,3,5,0,5,0,0,9,0,0
61,5,2,2,4,7,2,4,4,10,0,0,13,10,20
61,6,1,2,4,7,3,6,4,6,0,0,12,4,8
62,1,4,2,4,8,2,2,2,3,0,0,5,3,5
62,2,2,2,4,8,2,2,2,3,0,0,5,3,6
62,3,2,2,4,8,2,3,3,5,0,0,8,5,10
62,4,4,2,4,8,3,3,4,3,0,0,7,4,9
62,5,4,2,4,8,2,4,4,4,0,0,9,4,9
62,6,3,2,4,8,3,4,3,4,0,0,0,3,0
63,1,4,2,4,9,1,0,2,3,5,5,5,0,5
63,2,4,2,4,9,1,0,4,6,11,11,11,0,11
63,3,4,2,4,9,1,0,2,8,5,17,17,0,5
63,4,4,2,4,9,1,0,4,3,9,7,7,0,9
63,5,4,2,4,9,1,0,4,4,9,9,9,0,9
63,6,4,2,4,9,1,0,4,2,9,5,5,0,9
64,1,6,2,4,10,1,0,4,2,0,2,2,0,0
64,2,6,2,4,10,1,0,2,2,2,2,2,0,2
64,3,6,2,4,10,1,0,1,0,1,0,0,0,1
64,4,6,2,4,10,1,0,4,3,8,6,6,0,8
64,5,6,2,4,10,1,0,4,2,8,4,4,0,8
64,6,6,2,4,10,1,0,0,10,2,22,22,0,2
65,1,5,2,4,11,2,3,3,0,0,0,6,0,0
65,2,5,2,4,11,2,4,4,2,0,0,6,2,8
65,3,1,2,4,11,3,6,3,6,0,0,3,3,2
65,4,3,2,4,11,3,4,2,4,0,0,0,2,0
65,5,3,2,4,11,2,3,3,4,0,0,0,4,0
65,6,6,2,4,11,2,0,0,10,0,0,2,10,22
66,1,3,2,4,12,3,6,4,6,0,0,0,4,0
66,2,5,2,4,12,3,2,4,2,0,0,8,4,6
66,3,5,2,4,12,3,3,3,3,0,0,9,3,9
66,4,2,2,4,12,2,2,2,3,0,0,6,3,6
66,5,6,2,4,12,3,2,4,2,0,0,4,4,8
66,6,2,2,4,12,3,4,3,4,0,0,9,3,8
67,1,5,2,4,13,3,0,3,0,0,0,0,3,6
67,2,6,2,4,13,2,2,2,2,0,0,2,2,2
67,3,3,2,4,13,3,1,4,1,0,0,0,4,0
67,4,6,2,4,13,3,3,4,3,0,0,6,4,8
67,5,5,2,4,13,2,3,3,4,0,0,6,4,8
67,6,2,2,4,13,2,3,3,4,0,0,8,4,9
68,1,3,2,4,14,1,0,4,6,0,0,0,0,0
68,2,3,2,4,14,1,0,4,1,0,0,0,0,0
68,3,3,2,4,14,1,0,4,1,0,0,0,0,0
68,4,3,2,4,14,1,0,2,4,0,0,0,0,0
68,5,3,2,4,14,1,0,3,4,0,0,0,0,0
68,6,3,2,4,14,1,0,3,4,0,0,0,0,0
69,1,2,2,4,15,2,1,1,2,0,0,5,2,6
69,2,1,2,4,15,3,2,1,2,0,0,3,1,2
69,3,1,2,4,15,2,3,3,6,0,0,2,6,3
69,4,4,2,4,15,2,4,4,3,0,0,9,3,7
69,5,6,2,4,15,2,4,4,2,0,0,8,2,4
69,6,6,2,4,15,3,10,0,10,0,0,22,0,2
70,1,4,2,4,16,3,3,2,3,0,0,5,2,5
70,2,4,2,4,16,3,6,4,6,0,0,11,4,11
70,3,4,2,4,16,3,8,2,8,0,0,17,2,5
70,4,1,2,4,16,3,10,3,10,0,0,11,3,6
70,5,2,2,4,16,3,10,4,10,0,0,20,4,13
70,6,5,2,4,16,2,12,12,2,0,0,50,2,4
71,1,6,2,4,17,2,4,4,2,0,0,0,2,2
71,2,3,2,4,17,3,1,4,1,0,0,0,4,0
71,3,6,2,4,17,3,0,1,0,0,0,0,1,1
71,4,5,2,4,17,2,0,0,5,0,0,0,5,9
71,5,5,2,4,17,3,4,3,4,0,0,8,3,6
71,6,3,2,4,17,2,3,3,4,0,0,0,4,0
72,1,1,2,4,18,2,4,4,3,0,0,3,3,2
72,2,1,2,4,18,2,1,1,2,0,0,2,2,3
72,3,6,2,4,18,2,1,1,0,0,0,1,0,0
72,4,3,2,4,18,2,2,2,4,0,0,0,4,0
72,5,1,2,4,18,3,3,3,3,0,0,6,3,6
72,6,5,2,4,18,3,2,12,2,0,0,4,12,50
73,1,3,2,5,1,3,12,2,12,0,0,24,2,3
73,2,3,2,5,1,3,12,0,12,0,0,24,0,0
73,3,5,2,5,1,3,12,12,12,0,0,18,12,18
73,4,5,2,5,1,2,12,12,10,0,0,18,10,15
73,5,5,2,5,1,3,12,6,12,0,0,18,6,9
73,6,4,2,5,1,3,12,4,12,0,0,12,4,5
74,1,1,2,5,2,1,0,0,5,0,5,5,0,0
74,2,1,2,5,2,1,0,6,4,4,2,2,0,4
74,3,1,2,5,2,1,0,6,10,6,10,10,0,6
74,4,1,2,5,2,1,0,5,10,8,11,11,0,8
74,5,1,2,5,2,1,0,1,0,2,0,0,0,2
74,6,1,2,5,2,1,0,12,0,14,0,0,0,14
75,1,2,2,5,3,2,2,2,12,0,0,1,12,4
75,2,6,2,5,3,3,1,1,1,0,0,1,1,1
75,3,2,2,5,3,2,0,0,5,0,0,0,5,6
75,4,4,2,5,3,3,0,6,0,0,0,0,6,6
75,5,1,2,5,3,3,0,1,0,0,0,0,1,2
75,6,4,2,5,3,2,4,4,12,0,0,5,12,12
76,1,5,2,5,4,3,5,2,5,0,0,7,2,3
76,2,5,2,5,4,3,6,12,6,0,0,9,12,18
76,3,3,2,5,4,3,9,12,9,0,0,22,12,26
76,4,5,2,5,4,3,10,12,10,0,0,15,12,18
76,5,6,2,5,4,2,10,10,10,0,0,10,10,10
76,6,5,2,5,4,3,12,10,12,0,0,18,10,15
77,1,3,2,5,5,1,0,2,12,3,24,24,0,3
77,2,3,2,5,5,1,0,0,12,0,24,24,0,0
77,3,3,2,5,5,1,0,12,9,26,22,22,0,26
77,4,3,2,5,5,1,0,6,5,12,10,10,0,12
77,5,3,2,5,5,1,0,6,12,12,26,26,0,12
77,6,3,2,5,5,1,0,8,12,18,26,26,0,18
78,1,3,2,5,6,2,2,2,12,0,0,3,12,24
78,2,2,2,5,6,3,12,0,12,0,0,12,0,0
78,3,1,2,5,6,3,10,6,10,0,0,10,6,6
78,4,3,2,5,6,2,6,6,5,0,0,12,5,10
78,5,3,2,5,6,2,6,6,12,0,0,12,12,26
78,6,1,2,5,6,2,12,12,0,0,0,14,0,0
79,1,1,2,5,7,2,0,0,5,0,0,0,5,5
79,2,6,2,5,7,2,1,1,1,0,0,1,1,1
79,3,6,2,5,7,3,0,6,0,0,0,1,6,6
79,4,6,2,5,7,3,0,12,0,0,0,8,12,10
79,5,4,2,5,7,2,0,0,1,0,0,0,1,0
79,6,1,2,5,7,3,0,12,0,0,0,0,12,14
80,1,6,2,5,8,2,3,3,2,0,0,3,2,2
80,2,1,2,5,8,2,6,6,4,0,0,4,4,2
80,3,4,2,5,8,2,4,4,4,0,0,3,4,3
80,4,4,2,5,8,2,6,6,0,0,0,6,0,0
80,5,1,2,5,8,2,1,1,0,0,0,2,0,0
80,6,6,2,5,8,2,3,3,0,0,0,7,0,2
81,1,4,2,5,9,3,2,12,2,0,0,2,12,12
81,2,2,2,5,9,2,0,0,12,0,0,0,12,12
81,3,4,2,5,9,3,4,4,4,0,0,3,4,3
81,4,1,2,5,9,2,5,5,10,0,0,8,10,11
81,5,4,2,5,9,3,1,0,1,0,0,0,0,0
81,6,6,2,5,9,3,0,3,0,0,0,2,3,7
82,1,6,2,5,10,1,0,3,2,3,2,2,0,3
82,2,6,2,5,10,1,0,1,1,1,1,1,0,1
82,3,6,2,5,10,1,0,6,0,6,1,1,0,6
82,4,6,2,5,10,1,0,12,0,10,8,8,0,10
82,5,6,2,5,10,1,0,10,10,10,10,10,0,10
82,6,6,2,5,10,1,0,3,0,7,2,2,0,7
83,1,4,2,5,11,1,0,12,2,12,2,2,0,12
83,2,4,2,5,11,1,0,7,12,7,12,12,0,7
83,3,4,2,5,11,1,0,4,4,3,3,3,0,3
83,4,4,2,5,11,1,0,6,0,6,0,0,0,6
83,5,4,2,5,11,1,0,0,1,0,0,0,0,0
83,6,4,2,5,11,1,0,4,12,5,12,12,0,5
84,1,5,2,5,12,2,2,2,5,0,0,3,5,7
84,2,1,2,5,12,3,4,6,4,0,0,2,6,4
84,3,2,2,5,12,3,5,0,5,0,0,6,0,0
84,4,3,2,5,12,3,5,6,5,0,0,10,6,12
84,5,5,2,5,12,2,6,6,12,0,0,9,12,18
84,6,2,2,5,12,3,8,12,8,0,0,12,12,18
85,1,2,2,5,13,1,0,2,12,1,4,4,0,1
85,2,2,2,5,13,1,0,0,12,0,12,12,0,0
85,3,2,2,5,13,1,0,0,5,0,6,6,0,0
85,4,2,2,5,13,1,0,3,12,5,18,18,0,5
85,5,2,2,5,13,1,0,0,10,1,15,15,0,1
85,6,2,2,5,13,1,0,12,8,18,12,12,0,18
86,1,2,2,5,14,3,12,2,12,0,0,4,2,1
86,2,4,2,5,14,3,12,7,12,0,0,12,7,7
86,3,6,2,5,14,2,6,6,0,0,0,6,0,1
86,4,6,2,5,14,2,12,12,0,0,0,10,0,8
86,5,2,2,5,14,2,0,0,10,0,0,1,10,15
86,6,2,2,5,14,2,12,12,8,0,0,18,8,12
87,1,5,2,5,15,1,0,2,5,3,7,7,0,3
87,2,5,2,5,15,1,0,12,6,18,9,9,0,18
87,3,5,2,5,15,1,0,12,12,18,18,18,0,18
87,4,5,2,5,15,1,0,12,10,18,15,15,0,18
87,5,5,2,5,15,1,0,6,12,9,18,18,0,9
87,6,5,2,5,15,1,0,10,12,15,18,18,0,15
88,1,6,2,5,16,3,2,3,2,0,0,2,3,3
88,2,3,2,5,16,2,0,0,12,0,0,0,12,24
88,3,3,2,5,16,2,12,12,9,0,0,26,9,22
88,4,1,2,5,16,3,10,5,10,0,0,11,5,8
88,5,2,2,5,16,3,10,0,10,0,0,15,0,1
88,6,5,2,5,16,2,10,10,12,0,0,15,12,18
89,1,1,2,5,17,3,5,0,5,0,0,5,0,0
89,2,4,2,5,17,2,7,7,12,0,0,7,12,12
89,3,1,2,5,17,2,6,6,10,0,0,6,10,10
89,4,2,2,5,17,2,3,3,12,0,0,5,12,18
89,5,6,2,5,17,3,10,10,10,0,0,10,10,10
89,6,3,2,5,17,2,8,8,12,0,0,18,12,26
90,1,4,2,5,18,2,12,12,2,0,0,12,2,2
90,2,5,2,5,18,2,12,12,6,0,0,18,6,9
90,3,5,2,5,18,2,12,12,12,0,0,18,12,18
90,4,2,2,5,18,3,12,3,12,0,0,18,3,5
90,5,3,2,5,18,3,12,6,12,0,0,26,6,12
90,6,3,2,5,18,3,12,8,12,0,0,26,8,18
91,1,3,2,6,1,2,2,2,8,0,0,2,8,3
91,2,5,2,6,1,3,8,3,8,0,0,8,3,3
91,3,5,2,6,1,2,12,12,12,0,0,15,12,15
91,4,1,2,6,1,2,12,12,10,0,0,50,10,22
91,5,4,2,6,1,2,12,12,12,0,0,28,12,28
91,6,3,2,6,1,3,12,12,12,0,0,0,12,0
92,1,3,2,6,2,3,8,2,8,0,0,3,2,2
92,2,5,2,6,2,2,3,3,8,0,0,3,8,8
92,3,4,2,6,2,3,8,6,8,0,0,18,6,14
92,4,3,2,6,2,2,10,10,12,0,0,0,12,0
92,5,2,2,6,2,3,12,11,12,0,0,20,11,17
92,6,6,2,6,2,3,12,12,12,0,0,24,12,24
93,1,2,2,6,3,2,12,12,12,0,0,0,12,30
93,2,3,2,6,3,3,12,1,12,0,0,5,1,0
93,3,6,2,6,3,2,12,12,7,0,0,15,7,10
93,4,5,2,6,3,3,12,12,12,0,0,12,12,12
93,5,1,2,6,3,3,12,0,12,0,0,0,0,0
93,6,4,2,6,3,3,0,12,0,0,0,0,12,28
94,1,3,2,6,4,1,0,2,8,2,3,3,0,2
94,2,3,2,6,4,1,0,1,12,0,5,5,0,0
94,3,3,2,6,4,1,0,12,6,3,1,1,0,3
94,4,3,2,6,4,1,0,10,12,0,0,0,0,0
94,5,3,2,6,4,1,0,8,12,0,0,0,0,0
94,6,3,2,6,4,1,0,12,12,0,0,0,0,0
95,1,1,2,6,5,2,11,11,4,0,0,30,4,4
95,2,6,2,6,5,2,12,12,12,0,0,15,12,15
95,3,3,2,6,5,2,12,12,6,0,0,3,6,1
95,4,6,2,6,5,3,10,0,10,0,0,19,0,0
95,5,2,2,6,5,2,11,11,12,0,0,17,12,20
95,6,2,2,6,5,3,12,12,12,0,0,20,12,20
96,1,5,2,6,6,2,2,2,10,0,0,2,10,10
96,2,2,2,6,6,2,5,5,10,0,0,7,10,15
96,3,2,2,6,6,3,12,12,12,0,0,18,12,18
96,4,5,2,6,6,2,12,12,12,0,0,12,12,12
96,5,4,2,6,6,3,12,12,12,0,0,28,12,28
96,6,4,2,6,6,2,12,12,0,0,0,28,0,0
97,1,4,2,6,7,3,2,6,2,0,0,4,6,12
97,2,1,2,6,7,3,12,11,12,0,0,0,11,10
97,3,4,2,6,7,2,6,6,8,0,0,14,8,18
97,4,4,2,6,7,3,8,12,8,0,0,18,12,26
97,5,3,2,6,7,2,8,8,12,0,0,0,12,0
97,6,1,2,6,7,2,10,10,0,0,0,20,0,1
98,1,1,2,6,8,3,4,11,4,0,0,4,11,30
98,2,1,2,6,8,2,11,11,12,0,0,10,12,0
98,3,6,2,6,8,3,7,12,7,0,0,10,12,15
98,4,2,2,6,8,2,8,8,12,0,0,15,12,20
98,5,6,2,6,8,2,7,7,12,0,0,14,12,24
98,6,5,2,6,8,3,4,0,4,0,0,4,0,0
99,1,2,2,6,9,3,12,12,12,0,0,30,12,0
99,2,6,2,6,9,3,12,12,12,0,0,15,12,15
99,3,2,2,6,9,2,12,12,12,0,0,18,12,18
99,4,3,2,6,9,3,12,10,12,0,0,0,10,0
99,5,5,2,6,9,3,12,12,12,0,0,0,12,0
99,6,5,2,6,9,2,0,0,4,0,0,0,4,4
100,1,4,2,6,10,1,0,6,2,12,4,4,0,12
100,2,4,2,6,10,1,0,12,4,28,10,10,0,28
100,3,4,2,6,10,1,0,6,8,14,18,18,0,14
100,4,4,2,6,10,1,0,12,8,26,18,18,0,26
100,5,4,2,6,10,1,0,12,12,28,28,28,0,28
100,6,4,2,6,10,1,0,12,0,28,0,0,0,28
101,1,6,2,6,11,2,2,2,2,0,0,3,2,3
101,2,3,2,6,11,2,1,1,12,0,0,0,12,5
101,3,3,2,6,11,3,6,12,6,0,0,1,12,3
101,4,6,2,6,11,2,0,0,10,0,0,0,10,19
101,5,1,2,6,11,2,0,0,12,0,0,0,12,0
101,6,1,2,6,11,3,0,10,0,0,0,1,10,20
102,1,5,2,6,12,3,10,2,10,0,0,10,2,2
102,2,2,2,6,12,3,10,5,10,0,0,15,5,7
102,3,1,2,6,12,3,10,12,10,0,0,40,12,18
102,4,1,2,6,12,3,10,12,10,0,0,22,12,50
102,5,6,2,6,12,3,12,7,12,0,0,24,7,14
102,6,2,2,6,12,2,12,12,12,0,0,20,12,20
103,1,5,2,6,13,1,0,2,10,2,10,10,0,2
103,2,5,2,6,13,1,0,3,8,3,8,8,0,3
103,3,5,2,6,13,1,0,12,12,15,15,15,0,15
103,4,5,2,6,13,1,0,12,12,12,12,12,0,12
103,5,5,2,6,13,1,0,12,12,0,0,0,0,0
103,6,5,2,6,13,1,0,0,4,0,4,4,0,0
104,1,2,2,6,14,1,0,12,12,0,30,30,0,0
104,2,2,2,6,14,1,0,5,10,7,15,15,0,7
104,3,2,2,6,14,1,0,12,12,18,18,18,0,18
104,4,2,2,6,14,1,0,8,12,15,20,20,0,15
104,5,2,2,6,14,1,0,11,12,17,20,20,0,17
104,6,2,2,6,14,1,0,12,12,20,20,20,0,20
105,1,6,2,6,15,3,2,2,2,0,0,3,2,3
105,2,4,2,6,15,3,4,12,4,0,0,10,12,28
105,3,1,2,6,15,2,12,12,10,0,0,18,10,40
105,4,4,2,6,15,2,12,12,8,0,0,26,8,18
105,5,3,2,6,15,3,12,8,12,0,0,0,8,0
105,6,6,2,6,15,2,12,12,12,0,0,24,12,24
106,1,4,2,6,16,2,6,6,2,0,0,12,2,4
106,2,4,2,6,16,2,12,12,4,0,0,28,4,10
106,3,5,2,6,16,3,12,12,12,0,0,15,12,15
106,4,2,2,6,16,3,12,8,12,0,0,20,8,15
106,5,5,2,6,16,2,12,12,12,0,0,0,12,0
106,6,3,2,6,16,2,12,12,12,0,0,0,12,0
107,1,1,2,6,17,1,0,11,4,30,4,4,0,30
107,2,1,2,6,17,1,0,11,12,10,0,0,0,10
107,3,1,2,6,17,1,0,12,10,18,40,40,0,18
107,4,1,2,6,17,1,0,12,10,50,22,22,0,50
107,5,1,2,6,17,1,0,0,12,0,0,0,0,0
107,6,1,2,6,17,1,0,10,0,20,1,1,0,20
108,1,6,2,6,18,1,0,2,2,3,3,3,0,3
108,2,6,2,6,18,1,0,12,12,15,15,15,0,15
108,3,6,2,6,18,1,0,12,7,15,10,10,0,15
108,4,6,2,6,18,1,0,0,10,0,19,19,0,0
108,5,6,2,6,18,1,0,7,12,14,24,24,0,14
108,6,6,2,6,18,1,0,12,12,24,24,24,0,24
109,1,5,3,7,1,3,3,6,3,0,0,9,6,12
109,2,6,3,7,1,3,12,6,12,0,0,22,6,22
109,3,5,3,7,1,3,12,2,12,0,0,18,2,3
109,4,1,3,7,1,2,12,12,12,0,0,28,12,28
109,5,6,3,7,1,2,12,12,12,0,0,28,12,28
109,6,1,3,7,1,3,12,0,12,0,0,24,0,0
110,1,3,3,7,2,2,3,3,2,0,0,6,2,4
110,2,2,3,7,2,2,3,3,12,0,0,4,12,27
110,3,6,3,7,2,3,10,12,10,0,0,20,12,24
110,4,4,3,7,2,3,11,8,11,0,0,0,8,0
110,5,4,3,7,2,3,0,12,0,0,0,0,12,12
110,6,1,3,7,2,2,0,0,12,0,0,0,12,24
111,1,4,3,7,3,2,2,2,4,0,0,3,4,3
111,2,5,3,7,3,3,2,8,2,0,0,6,8,6
111,3,3,3,7,3,3,2,5,2,0,0,3,5,9
111,4,2,3,7,3,2,3,3,10,0,0,4,10,22
111,5,2,3,7,3,3,4,10,4,0,0,6,10,22
111,6,4,3,7,3,3,8,10,8,0,0,0,10,0
112,1,6,3,7,4,1,0,2,10,4,20,20,0,4
112,2,6,3,7,4,1,0,6,12,22,22,22,0,22
112,3,6,3,7,4,1,0,12,10,24,20,20,0,24
112,4,6,3,7,4,1,0,10,12,24,27,27,0,24
112,5,6,3,7,4,1,0,12,12,28,28,28,0,28
112,6,6,3,7,4,1,0,6,6,14,14,14,0,14
113,1,1,3,7,5,3,3,5,3,0,0,9,5,15
113,2,1,3,7,5,2,5,5,12,0,0,10,12,24
113,3,4,3,7,5,2,6,6,12,0,0,12,12,24
113,4,5,3,7,5,3,6,12,6,0,0,0,12,12
113,5,1,3,7,5,2,7,7,12,0,0,14,12,24
113,6,6,3,7,5,3,6,6,6,0,0,14,6,14
114,1,2,3,7,6,2,4,4,6,0,0,7,6,13
114,2,6,3,7,6,2,6,6,12,0,0,22,12,22
114,3,2,3,7,6,3,8,11,8,0,0,18,11,25
114,4,6,3,7,6,2,10,10,12,0,0,24,12,27
114,5,4,3,7,6,2,12,12,0,0,0,12,0,0
114,6,3,3,7,6,3,10,10,10,0,0,23,10,23
115,1,3,3,7,7,1,0,3,2,6,4,4,0,6
115,2,3,3,7,7,1,0,10,2,15,4,4,0,15
115,3,3,3,7,7,1,0,5,2,9,3,3,0,9
115,4,3,3,7,7,1,0,6,12,14,26,26,0,14
115,5,3,3,7,7,1,0,8,12,18,27,27,0,18
115,6,3,3,7,7,1,0,10,10,23,23,23,0,23
116,1,5,3,7,8,1,0,6,3,12,9,9,0,12
116,2,5,3,7,8,1,0,8,2,6,6,6,0,6
116,3,5,3,7,8,1,0,2,12,3,18,18,0,3
116,4,5,3,7,8,1,0,12,6,12,0,0,0,12
116,5,5,3,7,8,1,0,12,8,12,0,0,0,12
116,6,5,3,7,8,1,0,12,12,2,2,2,0,2
117,1,4,3,7,9,3,4,2,4,0,0,3,2,3
117,2,3,3,7,9,3,2,10,2,0,0,4,10,15
117,3,3,3,7,9,2,5,5,2,0,0,9,2,3
117,4,4,3,7,9,2,8,8,11,0,0,0,11,0
117,5,3,3,7,9,2,8,8,12,0,0,18,12,27
117,6,4,3,7,9,2,10,10,8,0,0,0,8,0
118,1,6,3,7,10,3,10,2,10,0,0,20,2,4
118,2,2,3,7,10,3,12,3,12,0,0,27,3,4
118,3,2,3,7,10,2,11,11,8,0,0,25,8,18
118,4,5,3,7,10,2,12,12,6,0,0,12,6,0
118,5,5,3,7,10,2,12,12,8,0,0,12,8,0
118,6,5,3,7,10,2,12,12,12,0,0,2,12,2
119,1,4,3,7,11,1,0,2,4,3,3,3,0,3
119,2,4,3,7,11,1,0,2,7,3,10,10,0,3
119,3,4,3,7,11,1,0,6,12,12,24,24,0,12
119,4,4,3,7,11,1,0,8,11,0,0,0,0,0
119,5,4,3,7,11,1,0,12,0,12,0,0,0,12
119,6,4,3,7,11,1,0,10,8,0,0,0,0,0
120,1,5,3,7,12,2,6,6,3,0,0,12,3,9
120,2,1,3,7,12,3,12,5,12,0,0,24,5,10
120,3,4,3,7,12,3,12,6,12,0,0,24,6,12
120,4,6,3,7,12,3,12,10,12,0,0,27,10,24
120,5,3,3,7,12,3,12,8,12,0,0,27,8,18
120,6,2,3,7,12,2,12,12,12,0,0,28,12,28
121,1,1,3,7,13,2,5,5,3,0,0,15,3,9
121,2,4,3,7,13,3,7,2,7,0,0,10,2,3
121,3,1,3,7,13,2,7,7,12,0,0,14,12,24
121,4,2,3,7,13,3,10,3,10,0,0,22,3,4
121,5,2,3,7,13,2,10,10,4,0,0,22,4,6
121,6,3,3,7,13,2,10,10,10,0,0,23,10,23
122,1,1,3,7,14,1,0,5,3,15,9,9,0,15
122,2,1,3,7,14,1,0,5,12,10,24,24,0,10
122,3,1,3,7,14,1,0,7,12,14,24,24,0,14
122,4,1,3,7,14,1,0,12,12,28,28,28,0,28
122,5,1,3,7,14,1,0,7,12,14,24,24,0,14
122,6,1,3,7,14,1,0,0,12,0,24,24,0,0
123,1,3,3,7,15,3,2,3,2,0,0,4,3,6
123,2,4,3,7,15,2,2,2,7,0,0,3,7,10
123,3,5,3,7,15,2,2,2,12,0,0,3,12,18
123,4,3,3,7,15,2,6,6,12,0,0,14,12,26
123,5,5,3,7,15,3,8,12,8,0,0,0,12,12
123,6,6,3,7,15,2,6,6,6,0,0,14,6,14
124,1,2,3,7,16,1,0,4,6,7,13,13,0,7
124,2,2,3,7,16,1,0,3,12,4,27,27,0,4
124,3,2,3,7,16,1,0,11,8,25,18,18,0,25
124,4,2,3,7,16,1,0,3,10,4,22,22,0,4
124,5,2,3,7,16,1,0,10,4,22,6,6,0,22
124,6,2,3,7,16,1,0,12,12,28,28,28,0,28
125,1,2,3,7,17,3,6,4,6,0,0,13,4,7
125,2,5,3,7,17,2,8,8,2,0,0,6,2,6
125,3,1,3,7,17,3,12,7,12,0,0,24,7,14
125,4,1,3,7,17,3,12,12,12,0,0,28,12,28
125,5,6,3,7,17,3,12,12,12,0,0,28,12,28
125,6,5,3,7,17,3,12,12,12,0,0,2,12,2
126,1,6,3,7,18,2,2,2,10,0,0,4,10,20
126,2,3,3,7,18,2,10,10,2,0,0,15,2,4
126,3,6,3,7,18,2,12,12,10,0,0,24,10,20
126,4,3,3,7,18,3,12,6,12,0,0,26,6,14
126,5,1,3,7,18,3,12,7,12,0,0,24,7,14
126,6,2,3,7,18,3,12,12,12,0,0,28,12,28
127,1,2,3,8,1,2,5,5,12,0,0,4,12,12
127,2,1,3,8,1,2,12,12,5,0,0,0,5,0
127,3,1,3,8,1,2,6,6,9,0,0,0,9,0
127,4,2,3,8,1,3,0,12,0,0,0,0,12,15
127,5,6,3,8,1,2,6,6,12,0,0,10,12,22
127,6,1,3,8,1,2,6,6,0,0,0,0,0,0
128,1,5,3,8,2,2,3,3,3,0,0,4,3,4
128,2,5,3,8,2,3,3,6,3,0,0,4,6,9
128,3,5,3,8,2,2,4,4,4,0,0,5,4,5
128,4,6,3,8,2,3,4,2,4,0,0,6,2,3
128,5,4,3,8,2,2,4,4,1,0,0,5,1,4
128,6,3,3,8,2,2,4,4,5,0,0,2,5,3
129,1,3,3,8,3,2,4,4,5,0,0,3,5,7
129,2,2,3,8,3,2,4,4,3,0,0,4,3,3
129,3,5,3,8,3,3,4,4,4,0,0,5,4,5
129,4,1,3,8,3,3,4,5,4,0,0,0,5,0
129,5,1,3,8,3,2,4,4,3,0,0,0,3,0
129,6,2,3,8,3,3,4,12,4,0,0,4,12,15
130,1,5,3,8,4,3,3,3,3,0,0,4,3,4
130,2,2,3,8,4,3,3,4,3,0,0,3,4,4
130,3,2,3,8,4,3,3,6,3,0,0,3,6,7
130,4,1,3,8,4,2,5,5,4,0,0,0,4,0
130,5,1,3,8,4,3,3,4,3,0,0,0,4,0
130,6,5,3,8,4,3,3,4,3,0,0,4,4,5
131,1,4,3,8,5,3,4,2,4,0,0,15,2,15
131,2,5,3,8,5,2,6,6,3,0,0,9,3,4
131,3,3,3,8,5,3,5,12,5,0,0,6,12,6
131,4,4,3,8,5,2,4,4,10,0,0,6,10,12
131,5,2,3,8,5,2,6,6,5,0,0,8,5,6
131,6,4,3,8,5,2,5,5,10,0,0,6,10,12
132,1,4,3,8,6,2,2,2,4,0,0,15,4,15
132,2,3,3,8,6,2,6,6,12,0,0,5,12,6
132,3,4,3,8,6,3,3,4,3,0,0,5,4,5
132,4,4,3,8,6,3,10,4,10,0,0,12,4,6
132,5,3,3,8,6,2,1,1,1,0,0,0,1,0
132,6,3,3,8,6,3,5,4,5,0,0,3,4,2
133,1,2,3,8,7,1,0,5,12,4,12,12,0,4
133,2,2,3,8,7,1,0,4,3,4,3,3,0,4
133,3,2,3,8,7,1,0,6,3,7,3,3,0,7
133,4,2,3,8,7,1,0,12,0,15,0,0,0,15
133,5,2,3,8,7,1,0,6,5,8,6,6,0,8
133,6,2,3,8,7,1,0,12,4,15,4,4,0,15
134,1,1,3,8,8,2,1,1,12,0,0,0,12,0
134,2,6,3,8,8,3,1,12,1,0,0,3,12,14
134,3,6,3,8,8,3,1,0,1,0,0,2,0,0
134,4,3,3,8,8,3,1,6,1,0,0,0,6,5
134,5,3,3,8,8,3,1,1,1,0,0,0,1,0
134,6,6,3,8,8,3,1,8,1,0,0,16,8,6
135,1,3,3,8,9,1,0,4,5,3,7,7,0,3
135,2,3,3,8,9,1,0,6,12,5,6,6,0,5
135,3,3,3,8,9,1,0,12,5,6,6,6,0,6
135,4,3,3,8,9,1,0,6,1,5,0,0,0,5
135,5,3,3,8,9,1,0,1,1,0,0,0,0,0
135,6,3,3,8,9,1,0,4,5,2,3,3,0,2
136,1,3,3,8,10,3,5,4,5,0,0,7,4,3
136,2,4,3,8,10,3,8,5,8,0,0,10,5,15
136,3,1,3,8,10,3,9,6,9,0,0,0,6,0
136,4,5,3,8,10,3,9,3,9,0,0,14,3,4
136,5,5,3,8,10,3,8,6,8,0,0,13,6,9
136,6,4,3,8,10,3,10,5,10,0,0,12,5,6
137,1,2,3,8,11,3,12,5,12,0,0,12,5,4
137,2,6,3,8,11,2,12,12,1,0,0,14,1,3
137,3,3,3,8,11,2,12,12,5,0,0,6,5,6
137,4,2,3,8,11,2,12,12,0,0,0,15,0,0
137,5,6,3,8,11,3,12,6,12,0,0,22,6,10
137,6,2,3,8,11,2,12,12,4,0,0,15,4,4
138,1,6,3,8,12,3,4,1,4,0,0,5,1,2
138,2,4,3,8,12,2,5,5,8,0,0,15,8,10
138,3,2,3,8,12,2,6,6,3,0,0,7,3,3
138,4,3,3,8,12,2,6,6,1,0,0,5,1,0
138,5,2,3,8,12,3,5,6,5,0,0,6,6,8
138,6,5,3,8,12,2,4,4,3,0,0,5,3,4
139,1,1,3,8,13,1,0,1,12,0,0,0,0,0
139,2,1,3,8,13,1,0,12,5,0,0,0,0,0
139,3,1,3,8,13,1,0,6,9,0,0,0,0,0
139,4,1,3,8,13,1,0,5,4,0,0,0,0,0
139,5,1,3,8,13,1,0,4,3,0,0,0,0,0
139,6,1,3,8,13,1,0,6,0,0,0,0,0,0
140,1,1,3,8,14,3,12,1,12,0,0,0,1,0
140,2,3,3,8,14,3,12,6,12,0,0,6,6,5
140,3,4,3,8,14,2,4,4,3,0,0,5,3,5
140,4,5,3,8,14,2,3,3,9,0,0,4,9,14
140,5,5,3,8,14,2,6,6,8,0,0,9,8,13
140,6,6,3,8,14,2,8,8,1,0,0,6,1,16
141,1,5,3,8,15,1,0,3,3,4,4,4,0,4
141,2,5,3,8,15,1,0,6,3,9,4,4,0,9
141,3,5,3,8,15,1,0,4,4,5,5,5,0,5
141,4,5,3,8,15,1,0,3,9,4,14,14,0,4
141,5,5,3,8,15,1,0,6,8,9,13,13,0,9
141,6,5,3,8,15,1,0,4,3,5,4,4,0,5
142,1,4,3,8,16,1,0,2,4,15,15,15,0,15
142,2,4,3,8,16,1,0,5,8,15,10,10,0,15
142,3,4,3,8,16,1,0,4,3,5,5,5,0,5
142,4,4,3,8,16,1,0,4,10,6,12,12,0,6
142,5,4,3,8,16,1,0,4,1,5,4,4,0,5
142,6,4,3,8,16,1,0,5,10,6,12,12,0,6
143,1,6,3,8,17,1,0,1,4,2,5,5,0,2
143,2,6,3,8,17,1,0,12,1,14,3,3,0,14
143,3,6,3,8,17,1,0,0,1,0,2,2,0,0
143,4,6,3,8,17,1,0,2,4,3,6,6,0,3
143,5,6,3,8,17,1,0,6,12,10,22,22,0,10
143,6,6,3,8,17,1,0,8,1,6,16,16,0,6
144,1,6,3,8,18,2,1,1,4,0,0,2,4,5
144,2,1,3,8,18,3,5,12,5,0,0,0,12,0
144,3,6,3,8,18,2,0,0,1,0,0,0,1,2
144,4,6,3,8,18,2,2,2,4,0,0,3,4,6
144,5,4,3,8,18,3,1,4,1,0,0,4,4,5
144,6,1,3,8,18,3,0,6,0,0,0,0,6,0
145,1,5,3,9,1,2,12,12,8,0,0,13,8,9
145,2,4,3,9,1,3,12,12,12,0,0,20,12,20
145,3,1,3,9,1,3,12,12,12,0,0,24,12,24
145,4,2,3,9,1,3,12,12,12,0,0,28,12,28
145,5,2,3,9,1,3,12,6,12,0,0,36,6,18
145,6,1,3,9,1,3,12,12,12,0,0,27,12,27
146,1,6,3,9,2,3,5,4,5,0,0,1,4,1
146,2,6,3,9,2,3,5,8,5,0,0,0,8,0
146,3,6,3,9,2,3,5,12,5,0,0,0,12,0
146,4,3,3,9,2,2,5,5,12,0,0,4,12,11
146,5,1,3,9,2,3,5,3,5,0,0,12,3,8
146,6,3,3,9,2,3,5,7,5,0,0,8,7,12
147,1,1,3,9,3,2,6,6,3,0,0,3,3,6
147,2,5,3,9,3,3,4,5,4,0,0,6,5,7
147,3,5,3,9,3,2,8,8,12,0,0,0,12,0
147,4,5,3,9,3,2,5,5,7,0,0,5,7,7
147,5,1,3,9,3,2,3,3,5,0,0,8,5,12
147,6,3,3,9,3,2,7,7,5,0,0,12,5,8
148,1,3,3,9,4,3,2,3,2,0,0,3,3,5
148,2,5,3,9,4,2,5,5,4,0,0,7,4,6
148,3,2,3,9,4,3,4,12,4,0,0,9,12,36
148,4,5,3,9,4,3,7,5,7,0,0,7,5,5
148,5,4,3,9,4,2,6,6,12,0,0,9,12,19
148,6,6,3,9,4,3,10,10,10,0,0,0,10,0
149,1,4,3,9,5,3,12,2,12,0,0,18,2,3
149,2,2,3,9,5,3,12,4,12,0,0,24,4,8
149,3,5,3,9,5,3,12,8,12,0,0,0,8,0
149,4,2,3,9,5,2,12,12,12,0,0,28,12,28
149,5,4,3,9,5,3,12,6,12,0,0,19,6,9
149,6,1,3,9,5,2,12,12,12,0,0,27,12,27
150,1,1,3,9,6,3,3,6,3,0,0,6,6,3
150,2,1,3,9,6,3,2,12,2,0,0,2,12,12
150,3,3,3,9,6,2,2,2,8,0,0,2,8,8
150,4,4,3,9,6,2,1,1,5,0,0,2,5,9
150,5,3,3,9,6,2,12,12,5,0,0,13,5,6
150,6,4,3,9,6,3,12,6,12,0,0,19,6,9
151,1,6,3,9,7,1,0,4,5,1,1,1,0,1
151,2,6,3,9,7,1,0,8,5,0,0,0,0,0
151,3,6,3,9,7,1,0,12,5,0,0,0,0,0
151,4,6,3,9,7,1,0,12,8,0,0,0,0,0
151,5,6,3,9,7,1,0,12,7,0,0,0,0,0
151,6,6,3,9,7,1,0,10,10,0,0,0,0,0
152,1,2,3,9,8,1,0,12,5,36,15,15,0,36
152,2,2,3,9,8,1,0,4,12,8,24,24,0,8
152,3,2,3,9,8,1,0,12,4,36,9,9,0,36
152,4,2,3,9,8,1,0,12,12,28,28,28,0,28
152,5,2,3,9,8,1,0,6,12,18,36,36,0,18
152,6,2,3,9,8,1,0,7,6,21,18,18,0,21
153,1,4,3,9,9,2,2,2,12,0,0,3,12,18
153,2,3,3,9,9,3,3,12,3,0,0,2,12,10
153,3,6,3,9,9,2,12,12,5,0,0,0,5,0
153,4,1,3,9,9,2,7,7,3,0,0,14,3,6
153,5,5,3,9,9,3,7,12,7,0,0,7,12,12
153,6,2,3,9,9,2,7,7,6,0,0,21,6,18
154,1,1,3,9,10,1,0,6,3,3,6,6,0,3
154,2,1,3,9,10,1,0,12,2,12,2,2,0,12
154,3,1,3,9,10,1,0,12,12,24,24,24,0,24
154,4,1,3,9,10,1,0,7,3,14,6,6,0,14
154,5,1,3,9,10,1,0,3,5,8,12,12,0,8
154,6,1,3,9,10,1,0,12,12,27,27,27,0,27
155,1,3,3,9,11,1,0,3,2,5,3,3,0,5
155,2,3,3,9,11,1,0,12,3,10,2,2,0,10
155,3,3,3,9,11,1,0,2,8,2,8,8,0,2
155,4,3,3,9,11,1,0,5,12,4,11,11,0,4
155,5,3,3,9,11,1,0,12,5,13,6,6,0,13
155,6,3,3,9,11,1,0,7,5,12,8,8,0,12
156,1,4,3,9,12,1,0,2,12,3,18,18,0,3
156,2,4,3,9,12,1,0,12,12,20,20,20,0,20
156,3,4,3,9,12,1,0,5,1,9,2,2,0,9
156,4,4,3,9,12,1,0,1,5,2,9,9,0,2
156,5,4,3,9,12,1,0,6,12,9,19,19,0,9
156,6,4,3,9,12,1,0,6,12,9,19,19,0,9
157,1,6,3,9,13,2,4,4,5,0,0,1,5,1
157,2,2,3,9,13,2,4,4,12,0,0,8,12,24
157,3,4,3,9,13,2,5,5,1,0,0,9,1,2
157,4,4,3,9,13,3,5,1,5,0,0,9,1,2
157,5,2,3,9,13,2,6,6,12,0,0,18,12,36
157,6,2,3,9,13,3,6,7,6,0,0,18,7,21
158,1,5,3,9,14,3,8,12,8,0,0,9,12,13
158,2,3,3,9,14,2,12,12,3,0,0,10,3,2
158,3,2,3,9,14,2,12,12,4,0,0,36,4,9
158,4,3,3,9,14,3,12,5,12,0,0,11,5,4
158,5,5,3,9,14,2,12,12,7,0,0,12,7,7
158,6,5,3,9,14,2,12,12,12,0,0,0,12,0
159,1,3,3,9,15,2,3,3,2,0,0,5,2,3
159,2,6,3,9,15,2,8,8,5,0,0,0,5,0
159,3,4,3,9,15,3,1,5,1,0,0,2,5,9
159,4,1,3,9,15,3,3,7,3,0,0,6,7,14
159,5,3,3,9,15,3,5,12,5,0,0,6,12,13
159,6,6,3,9,15,2,10,10,10,0,0,0,10,0
160,1,5,3,9,16,1,0,12,8,13,9,9,0,13
160,2,5,3,9,16,1,0,5,4,7,6,6,0,7
160,3,5,3,9,16,1,0,8,12,0,0,0,0,0
160,4,5,3,9,16,1,0,5,7,5,7,7,0,5
160,5,5,3,9,16,1,0,12,7,12,7,7,0,12
160,6,5,3,9,16,1,0,12,12,0,0,0,0,0
161,1,2,3,9,17,3,5,12,5,0,0,15,12,36
161,2,1,3,9,17,2,12,12,2,0,0,12,2,2
161,3,3,3,9,17,3,8,2,8,0,0,8,2,2
161,4,6,3,9,17,3,8,12,8,0,0,0,12,0
161,5,6,3,9,17,3,7,12,7,0,0,0,12,0
161,6,4,3,9,17,2,6,6,12,0,0,9,12,19
162,1,2,3,9,18,2,12,12,5,0,0,36,5,15
162,2,4,3,9,18,2,12,12,12,0,0,20,12,20
162,3,1,3,9,18,2,12,12,12,0,0,24,12,24
162,4,6,3,9,18,2,12,12,8,0,0,0,8,0
162,5,6,3,9,18,2,12,12,7,0,0,0,7,0
162,6,5,3,9,18,3,12,12,12,0,0,0,12,0
163,1,5,4,10,1,3,10,12,10,0,0,22,12,26
163,2,4,4,10,1,2,12,12,6,0,0,15,6,8
163,3,4,4,10,1,2,10,10,4,0,0,12,4,6
163,4,4,4,10,1,2,4,4,5,0,0,4,5,5
163,5,3,4,10,1,3,12,9,12,0,0,10,9,7
163,6,6,4,10,1,2,0,0,12,0,0,0,12,12
164,1,2,4,10,2,1,0,4,12,4,6,6,0,4
164,2,2,4,10,2,1,0,6,3,7,10,10,0,7
164,3,2,4,10,2,1,0,12,12,13,13,13,0,13
164,4,2,4,10,2,1,0,7,9,10,12,12,0,10
164,5,2,4,10,2,1,0,12,10,15,12,12,0,15
164,6,2,4,10,2,1,0,12,12,17,17,17,0,17
165,1,1,4,10,3,3,3,8,3,0,0,5,8,14
165,2,2,4,10,3,2,6,6,3,0,0,7,3,10
165,3,4,4,10,3,3,4,10,4,0,0,6,10,12
165,4,4,4,10,3,3,5,4,5,0,0,5,4,4
165,5,4,4,10,3,2,10,10,12,0,0,16,12,22
165,6,5,4,10,3,3,12,12,12,0,0,28,12,28
166,1,1,4,10,4,1,0,8,3,14,5,5,0,14
166,2,1,4,10,4,1,0,12,6,22,10,10,0,22
166,3,1,4,10,4,1,0,7,12,12,24,24,0,12
166,4,1,4,10,4,1,0,12,5,24,10,10,0,24
166,5,1,4,10,4,1,0,11,12,22,24,24,0,22
166,6,1,4,10,4,1,0,12,12,24,24,24,0,24
167,1,4,4,10,5,2,10,10,12,0,0,10,12,12
167,2,6,4,10,5,3,12,12,12,0,0,15,12,15
167,3,2,4,10,5,2,12,12,12,0,0,13,12,13
167,4,1,4,10,5,2,12,12,5,0,0,24,5,10
167,5,4,4,10,5,3,12,10,12,0,0,22,10,16
167,6,5,4,10,5,2,12,12,12,0,0,28,12,28
168,1,5,4,10,6,1,0,12,10,26,22,22,0,26
168,2,5,4,10,6,1,0,6,10,15,23,23,0,15
168,3,5,4,10,6,1,0,12,12,23,23,23,0,23
168,4,5,4,10,6,1,0,12,10,26,22,22,0,26
168,5,5,4,10,6,1,0,12,10,26,21,21,0,26
168,6,5,4,10,6,1,0,12,12,28,28,28,0,28
169,1,3,4,10,7,1,0,2,12,2,12,12,0,2
169,2,3,4,10,7,1,0,12,12,8,8,8,0,8
169,3,3,4,10,7,1,0,12,7,10,3,3,0,10
169,4,3,4,10,7,1,0,12,12,8,8,8,0,8
169,5,3,4,10,7,1,0,9,12,7,10,10,0,7
169,6,3,4,10,7,1,0,12,8,8,4,4,0,8
170,1,4,4,10,8,3,12,10,12,0,0,12,10,10
170,2,3,4,10,8,3,12,12,12,0,0,8,12,8
170,3,6,4,10,8,2,12,12,12,0,0,15,12,15
170,4,3,4,10,8,2,12,12,12,0,0,8,12,8
170,5,2,4,10,8,2,12,12,10,0,0,15,10,12
170,6,4,4,10,8,2,12,12,12,0,0,22,12,22
171,1,2,4,10,9,2,4,4,12,0,0,4,12,6
171,2,4,4,10,9,3,6,12,6,0,0,8,12,15
171,3,3,4,10,9,3,7,12,7,0,0,3,12,10
171,4,1,4,10,9,3,5,12,5,0,0,10,12,24
171,5,5,4,10,9,3,10,12,10,0,0,21,12,26
171,6,1,4,10,9,3,12,12,12,0,0,24,12,24
172,1,6,4,10,10,1,0,2,4,2,4,4,0,2
172,2,6,4,10,10,1,0,12,12,15,15,15,0,15
172,3,6,4,10,10,1,0,12,12,15,15,15,0,15
172,4,6,4,10,10,1,0,10,12,12,14,14,0,12
172,5,6,4,10,10,1,0,8,12,18,22,22,0,18
172,6,6,4,10,10,1,0,0,12,0,12,12,0,0
173,1,6,4,10,11,2,2,2,4,0,0,2,4,4
173,2,1,4,10,11,3,6,12,6,0,0,10,12,22
173,3,3,4,10,11,2,12,12,7,0,0,10,7,3
173,4,2,4,10,11,3,9,7,9,0,0,12,7,10
173,5,3,4,10,11,2,9,9,12,0,0,7,12,10
173,6,2,4,10,11,3,12,12,12,0,0,17,12,17
174,1,5,4,10,12,2,12,12,10,0,0,26,10,22
174,2,6,4,10,12,2,12,12,12,0,0,15,12,15
174,3,2,4,10,12,3,12,12,12,0,0,13,12,13
174,4,3,4,10,12,3,12,12,12,0,0,8,12,8
174,5,5,4,10,12,2,12,12,10,0,0,26,10,21
174,6,6,4,10,12,3,12,0,12,0,0,12,0,0
175,1,2,4,10,13,3,12,4,12,0,0,6,4,4
175,2,3,4,10,13,2,12,12,12,0,0,8,12,8
175,3,5,4,10,13,2,12,12,12,0,0,23,12,23
175,4,5,4,10,13,2,12,12,10,0,0,26,10,22
175,5,1,4,10,13,3,12,11,12,0,0,24,11,22
175,6,4,4,10,13,3,12,12,12,0,0,22,12,22
176,1,1,4,10,14,2,8,8,3,0,0,14,3,5
176,2,5,4,10,14,3,10,6,10,0,0,23,6,15
176,3,6,4,10,14,3,12,12,12,0,0,15,12,15
176,4,5,4,10,14,3,10,12,10,0,0,22,12,26
176,5,1,4,10,14,2,11,11,12,0,0,22,12,24
176,6,1,4,10,14,2,12,12,12,0,0,24,12,24
177,1,6,4,10,15,3,4,2,4,0,0,4,2,2
177,2,5,4,10,15,2,6,6,10,0,0,15,10,23
177,3,1,4,10,15,2,7,7,12,0,0,12,12,24
177,4,2,4,10,15,2,7,7,9,0,0,10,9,12
177,5,6,4,10,15,2,8,8,12,0,0,18,12,22
177,6,3,4,10,15,3,8,12,8,0,0,4,12,8
178,1,3,4,10,16,2,2,2,12,0,0,2,12,12
178,2,2,4,10,16,3,3,6,3,0,0,10,6,7
178,3,1,4,10,16,3,12,7,12,0,0,24,7,12
178,4,6,4,10,16,2,10,10,12,0,0,12,12,14
178,5,2,4,10,16,3,10,12,10,0,0,12,12,15
178,6,2,4,10,16,2,12,12,12,0,0,17,12,17
179,1,4,4,10,17,1,0,10,12,10,12,12,0,10
179,2,4,4,10,17,1,0,12,6,15,8,8,0,15
179,3,4,4,10,17,1,0,10,4,12,6,6,0,12
179,4,4,4,10,17,1,0,4,5,4,5,5,0,4
179,5,4,4,10,17,1,0,10,12,16,22,22,0,16
179,6,4,4,10,17,1,0,12,12,22,22,22,0,22
180,1,3,4,10,18,3,12,2,12,0,0,12,2,2
180,2,1,4,10,18,2,12,12,6,0,0,22,6,10
180,3,5,4,10,18,3,12,12,12,0,0,23,12,23
180,4,6,4,10,18,3,12,10,12,0,0,14,10,12
180,5,6,4,10,18,3,12,8,12,0,0,22,8,18
180,6,3,4,10,18,2,12,12,8,0,0,8,8,4
181,1,6,4,11,1,1,0,4,2,8,4,4,0,8
181,2,6,4,11,1,1,0,2,10,4,15,15,0,4
181,3,6,4,11,1,1,0,5,12,9,22,22,0,9
181,4,6,4,11,1,1,0,12,10,22,20,20,0,22
181,5,6,4,11,1,1,0,3,5,6,10,10,0,6
181,6,6,4,11,1,1,0,11,5,21,10,10,0,21
182,1,4,4,11,2,3,10,6,10,0,0,10,6,6
182,2,6,4,11,2,3,10,2,10,0,0,15,2,4
182,3,5,4,11,2,2,10,10,10,0,0,20,10,20
182,4,3,4,11,2,2,10,10,12,0,0,22,12,26
182,5,3,4,11,2,3,10,12,10,0,0,25,12,30
182,6,1,4,11,2,3,12,4,12,0,0,20,4,7
183,1,1,4,11,3,1,0,12,2,26,10,10,0,26
183,2,1,4,11,3,1,0,5,9,5,9,9,0,5
183,3,1,4,11,3,1,0,3,7,4,8,8,0,4
183,4,1,4,11,3,1,0,3,12,5,18,18,0,5
183,5,1,4,11,3,1,0,5,9,7,14,14,0,7
183,6,1,4,11,3,1,0,4,12,7,20,20,0,7
184,1,3,4,11,4,3,6,1,6,0,0,9,1,2
184,2,1,4,11,4,3,9,5,9,0,0,9,5,5
184,3,1,4,11,4,3,7,3,7,0,0,8,3,4
184,4,4,4,11,4,2,6,6,6,0,0,0,6,0
184,5,1,4,11,4,2,5,5,9,0,0,7,9,14
184,6,2,4,11,4,3,8,12,8,0,0,17,12,25
185,1,6,4,11,5,3,2,4,2,0,0,4,4,8
185,2,3,4,11,5,3,4,4,4,0,0,7,4,7
185,3,6,4,11,5,2,5,5,12,0,0,9,12,22
185,4,2,4,11,5,2,10,10,3,0,0,20,3,6
185,5,5,4,11,5,3,10,11,10,0,0,20,11,22
185,6,4,4,11,5,2,12,12,10,0,0,0,10,0
186,1,3,4,11,6,2,1,1,6,0,0,2,6,9
186,2,2,4,11,6,2,1,1,10,0,0,2,10,20
186,3,2,4,11,6,3,2,12,2,0,0,4,12,24
186,4,5,4,11,6,2,3,3,2,0,0,5,2,3
186,5,4,4,11,6,2,3,3,12,0,0,4,12,0
186,6,5,4,11,6,2,1,1,12,0,0,2,12,24
187,1,1,4,11,7,3,2,12,2,0,0,10,12,26
187,2,1,4,11,7,2,5,5,9,0,0,5,9,9
187,3,3,4,11,7,2,3,3,12,0,0,8,12,25
187,4,4,4,11,7,3,6,6,6,0,0,0,6,0
187,5,6,4,11,7,2,3,3,5,0,0,6,5,10
187,6,1,4,11,7,2,4,4,12,0,0,7,12,20
188,1,2,4,11,8,3,2,1,2,0,0,4,1,2
188,2,4,4,11,8,3,1,2,1,0,0,1,2,2
188,3,4,4,11,8,3,2,10,2,0,0,2,10,10
188,4,5,4,11,8,3,2,3,2,0,0,3,3,5
188,5,1,4,11,8,3,9,5,9,0,0,14,5,7
188,6,4,4,11,8,3,10,12,10,0,0,0,12,0
189,1,5,4,11,9,1,0,3,2,4,3,3,0,4
189,2,5,4,11,9,1,0,2,12,3,20,20,0,3
189,3,5,4,11,9,1,0,10,10,20,20,20,0,20
189,4,5,4,11,9,1,0,3,2,5,3,3,0,5
189,5,5,4,11,9,1,0,11,10,22,20,20,0,22
189,6,5,4,11,9,1,0,1,12,2,24,24,0,2
190,1,1,4,11,10,2,12,12,2,0,0,26,2,10
190,2,5,4,11,10,3,12,2,12,0,0,20,2,3
190,3,6,4,11,10,3,12,5,12,0,0,22,5,9
190,4,6,4,11,10,2,12,12,10,0,0,22,10,20
190,5,2,4,11,10,3,12,4,12,0,0,24,4,8
190,6,2,4,11,10,2,12,12,8,0,0,25,8,17
191,1,4,4,11,11,1,0,6,10,6,10,10,0,6
191,2,4,4,11,11,1,0,2,1,2,1,1,0,2
191,3,4,4,11,11,1,0,10,2,10,2,2,0,10
191,4,4,4,11,11,1,0,6,6,0,0,0,0,0
191,5,4,4,11,11,1,0,3,12,4,0,0,0,4
191,6,4,4,11,11,1,0,12,10,0,0,0,0,0
192,1,3,4,11,12,1,0,1,6,2,9,9,0,2
192,2,3,4,11,12,1,0,4,4,7,7,7,0,7
192,3,3,4,11,12,1,0,3,12,8,25,25,0,8
192,4,3,4,11,12,1,0,10,12,22,26,26,0,22
192,5,3,4,11,12,1,0,12,10,30,25,25,0,30
192,6,3,4,11,12,1,0,6,12,15,27,27,0,15
193,1,6,4,11,13,2,4,4,2,0,0,8,2,4
193,2,3,4,11,13,2,4,4,4,0,0,7,4,7
193,3,1,4,11,13,2,3,3,7,0,0,4,7,8
193,4,2,4,11,13,3,3,10,3,0,0,6,10,20
193,5,6,4,11,13,3,5,3,5,0,0,10,3,6
193,6,6,4,11,13,3,5,11,5,0,0,10,11,21
194,1,5,4,11,14,2,3,3,2,0,0,4,2,3
194,2,6,4,11,14,2,2,2,10,0,0,4,10,15
194,3,2,4,11,14,2,12,12,2,0,0,24,2,4
194,4,3,4,11,14,3,12,10,12,0,0,26,10,22
194,5,4,4,11,14,3,12,3,12,0,0,0,3,4
194,6,5,4,11,14,3,12,1,12,0,0,24,1,2
195,1,2,4,11,15,2,1,1,2,0,0,2,2,4
195,2,4,4,11,15,2,2,2,1,0,0,2,1,1
195,3,4,4,11,15,2,10,10,2,0,0,10,2,2
195,4,1,4,11,15,2,3,3,12,0,0,5,12,18
195,5,2,4,11,15,2,4,4,12,0,0,8,12,24
195,6,3,4,11,15,2,6,6,12,0,0,15,12,27
196,1,5,4,11,16,3,2,3,2,0,0,3,3,4
196,2,5,4,11,16,2,2,2,12,0,0,3,12,20
196,3,3,4,11,16,3,12,3,12,0,0,25,3,8
196,4,1,4,11,16,3,12,3,12,0,0,18,3,5
196,5,3,4,11,16,2,12,12,10,0,0,30,10,25
196,6,3,4,11,16,3,12,6,12,0,0,27,6,15
197,1,2,4,11,17,1,0,1,2,2,4,4,0,2
197,2,2,4,11,17,1,0,1,10,2,20,20,0,2
197,3,2,4,11,17,1,0,12,2,24,4,4,0,24
197,4,2,4,11,17,1,0,10,3,20,6,6,0,20
197,5,2,4,11,17,1,0,4,12,8,24,24,0,8
197,6,2,4,11,17,1,0,12,8,25,17,17,0,25
198,1,4,4,11,18,2,6,6,10,0,0,6,10,10
198,2,2,4,11,18,3,10,1,10,0,0,20,1,2
198,3,5,4,11,18,3,10,10,10,0,0,20,10,20
198,4,6,4,11,18,3,10,12,10,0,0,20,12,22
198,5,5,4,11,18,2,11,11,10,0,0,22,10,20
198,6,6,4,11,18,2,11,11,5,0,0,21,5,10
199,1,2,4,12,1,2,3,3,4,0,0,8,4,10
199,2,1,4,12,1,3,2,12,2,0,0,3,12,8
199,3,4,4,12,1,3,6,1,6,0,0,12,1,2
199,4,2,4,12,1,2,5,5,12,0,0,10,12,24
199,5,3,4,12,1,3,7,5,7,0,0,16,5,11
199,6,3,4,12,1,2,8,8,3,0,0,18,3,5
200,1,5,4,12,2,3,12,3,12,0,0,9,3,4
200,2,1,4,12,2,2,12,12,2,0,0,8,2,3
200,3,2,4,12,2,2,12,12,3,0,0,20,3,8
200,4,2,4,12,2,3,12,5,12,0,0,24,5,10
200,5,1,4,12,2,3,12,5,12,0,0,7,5,3
200,6,6,4,12,2,3,12,4,12,0,0,22,4,14
201,1,4,4,12,3,3,4,8,4,0,0,8,8,16
201,2,4,4,12,3,2,3,3,2,0,0,6,2,4
201,3,6,4,12,3,2,4,4,7,0,0,12,7,12
201,4,5,4,12,3,2,5,5,5,0,0,7,5,7
201,5,6,4,12,3,3,6,5,6,0,0,12,5,12
201,6,4,4,12,3,2,6,6,4,0,0,12,4,8
202,1,6,4,12,4,3,3,3,3,0,0,12,3,12
202,2,6,4,12,4,2,2,2,5,0,0,11,5,11
202,3,4,4,12,4,2,1,1,6,0,0,2,6,12
202,4,6,4,12,4,3,3,5,3,0,0,8,5,10
202,5,2,4,12,4,3,2,7,2,0,0,6,7,16
202,6,3,4,12,4,3,3,8,3,0,0,5,8,18
203,1,1,4,12,5,3,6,6,6,0,0,4,6,4
203,2,4,4,12,5,3,2,3,2,0,0,4,3,6
203,3,2,4,12,5,3,3,12,3,0,0,8,12,20
203,4,5,4,12,5,3,5,5,5,0,0,7,5,7
203,5,3,4,12,5,2,5,5,7,0,0,11,7,16
203,6,2,4,12,5,2,8,8,6,0,0,16,6,12
204,1,1,4,12,6,1,0,6,6,4,4,4,0,4
204,2,1,4,12,6,1,0,12,2,8,3,3,0,8
204,3,1,4,12,6,1,0,6,3,7,2,2,0,7
204,4,1,4,12,6,1,0,5,2,3,3,3,0,3
204,5,1,4,12,6,1,0,5,12,3,7,7,0,3
204,6,1,4,12,6,1,0,12,6,11,4,4,0,11
205,1,3,4,12,7,1,0,5,6,8,10,10,0,8
205,2,3,4,12,7,1,0,3,2,5,4,4,0,5
205,3,3,4,12,7,1,0,5,3,10,6,6,0,10
205,4,3,4,12,7,1,0,10,5,22,11,11,0,22
205,5,3,4,12,7,1,0,5,7,11,16,16,0,11
205,6,3,4,12,7,1,0,8,3,18,5,5,0,18
206,1,2,4,12,8,1,0,3,4,8,10,10,0,8
206,2,2,4,12,8,1,0,4,6,10,8,8,0,10
206,3,2,4,12,8,1,0,12,3,20,8,8,0,20
206,4,2,4,12,8,1,0,5,12,10,24,24,0,10
206,5,2,4,12,8,1,0,7,2,16,6,6,0,16
206,6,2,4,12,8,1,0,8,6,16,12,12,0,16
207,1,6,4,12,9,2,3,3,3,0,0,12,3,12
207,2,3,4,12,9,2,3,3,2,0,0,5,2,4
207,3,3,4,12,9,3,3,5,3,0,0,6,5,10
207,4,4,4,12,9,3,4,4,4,0,0,8,4,8
207,5,5,4,12,9,2,4,4,4,0,0,5,4,6
207,6,4,4,12,9,3,4,6,4,0,0,8,6,12
208,1,1,4,12,10,2,6,6,6,0,0,4,6,4
208,2,6,4,12,10,3,5,2,5,0,0,11,2,11
208,3,3,4,12,10,2,5,5,3,0,0,10,3,6
208,4,3,4,12,10,3,5,10,5,0,0,11,10,22
208,5,2,4,12,10,2,7,7,2,0,0,16,2,6
208,6,5,4,12,10,2,7,7,4,0,0,6,4,5
209,1,5,4,12,11,1,0,3,12,4,9,9,0,4
209,2,5,4,12,11,1,0,10,8,12,11,11,0,12
209,3,5,4,12,11,1,0,6,4,9,10,10,0,9
209,4,5,4,12,11,1,0,5,5,7,7,7,0,7
209,5,5,4,12,11,1,0,4,4,5,6,6,0,5
209,6,5,4,12,11,1,0,7,4,6,5,5,0,6
210,1,5,4,12,12,2,3,3,12,0,0,4,12,9
210,2,2,4,12,12,2,4,4,6,0,0,10,6,8
210,3,5,4,12,12,3,4,6,4,0,0,10,6,9
210,4,1,4,12,12,2,5,5,2,0,0,3,2,3
210,5,5,4,12,12,3,4,4,4,0,0,6,4,5
210,6,5,4,12,12,3,4,7,4,0,0,5,7,6
211,1,4,4,12,13,2,8,8,4,0,0,16,4,8
211,2,5,4,12,13,3,8,10,8,0,0,11,10,12
211,3,1,4,12,13,2,6,6,3,0,0,7,3,2
211,4,3,4,12,13,2,10,10,5,0,0,22,5,11
211,5,4,4,12,13,2,12,12,5,0,0,24,5,10
211,6,1,4,12,13,2,12,12,6,0,0,11,6,4
212,1,3,4,12,14,3,6,5,6,0,0,10,5,8
212,2,2,4,12,14,3,6,4,6,0,0,8,4,10
212,3,5,4,12,14,2,6,6,4,0,0,9,4,10
212,4,6,4,12,14,2,5,5,3,0,0,10,3,8
212,5,1,4,12,14,2,5,5,12,0,0,3,12,7
212,6,2,4,12,14,3,6,8,6,0,0,12,8,16
213,1,3,4,12,15,2,5,5,6,0,0,8,6,10
213,2,3,4,12,15,3,2,3,2,0,0,4,3,5
213,3,1,4,12,15,3,3,6,3,0,0,2,6,7
213,4,4,4,12,15,2,4,4,4,0,0,8,4,8
213,5,4,4,12,15,3,5,12,5,0,0,10,12,24
213,6,1,4,12,15,3,6,12,6,0,0,4,12,11
214,1,6,4,12,16,1,0,3,3,12,12,12,0,12
214,2,6,4,12,16,1,0,2,5,11,11,11,0,11
214,3,6,4,12,16,1,0,4,7,12,12,12,0,12
214,4,6,4,12,16,1,0,5,3,10,8,8,0,10
214,5,6,4,12,16,1,0,5,6,12,12,12,0,12
214,6,6,4,12,16,1,0,4,12,14,22,22,0,14
215,1,2,4,12,17,3,4,3,4,0,0,10,3,8
215,2,5,4,12,17,2,10,10,8,0,0,12,8,11
215,3,6,4,12,17,3,7,4,7,0,0,12,4,12
215,4,1,4,12,17,3,2,5,2,0,0,3,5,3
215,5,6,4,12,17,2,5,5,6,0,0,12,6,12
215,6,6,4,12,17,2,4,4,12,0,0,14,12,22
216,1,4,4,12,18,1,0,8,4,16,8,8,0,16
216,2,4,4,12,18,1,0,3,2,6,4,4,0,6
216,3,4,4,12,18,1,0,1,6,2,12,12,0,2
216,4,4,4,12,18,1,0,4,4,8,8,8,0,8
216,5,4,4,12,18,1,0,12,5,24,10,10,0,24
216,6,4,4,12,18,1,0,6,4,12,8,8,0,12
